708,"Sd2CardCPP-518"
709,"Sd2CardCPP-519"
710,"Sd2CardCPP-520"
1170,"SdFileCPP-47"
711,"Sd2CardCPP-523"
1169,"SdFileCPP-46"
712,"Sd2CardCPP-526"
713,"Sd2CardCPP-527"
1168,"SdFileCPP-41"
705,"Sd2CardCPP-508"
706,"Sd2CardCPP-511"
1175,"SdFileCPP-56"
707,"Sd2CardCPP-512"
1171,"SdFileCPP-50"
1172,"SdFileCPP-51"
1174,"SdFileCPP-55"
1173,"SdFileCPP-52"
1763,"SdVolumeCPP-100"
1764,"SdVolumeCPP-101"
1765,"SdVolumeCPP-102"
718,"Sd2CardCPP-539"
720,"Sd2CardCPP-544"
721,"Sd2CardCPP-546"
722,"Sd2CardCPP-547"
723,"Sd2CardCPP-548"
724,"Sd2CardCPP-549"
719,"Sd2CardCPP-540"
2190,"temperatureCPP-207"
1770,"SdVolumeCPP-111"
1771,"SdVolumeCPP-113"
714,"Sd2CardCPP-531"
715,"Sd2CardCPP-532"
1165,"SdFileCPP-37"
1164,"SdFileCPP-34"
716,"Sd2CardCPP-535"
717,"Sd2CardCPP-536"
1166,"SdFileCPP-38"
1167,"SdFileCPP-39"
1766,"SdVolumeCPP-105"
1767,"SdVolumeCPP-106"
1768,"SdVolumeCPP-107"
1163,"SdFileCPP-33"
1769,"SdVolumeCPP-109"
1776,"SdVolumeCPP-120"
1777,"SdVolumeCPP-122"
1778,"SdVolumeCPP-123"
730,"Sd2CardCPP-564"
731,"Sd2CardCPP-565"
732,"Sd2CardCPP-566"
1772,"SdVolumeCPP-116"
1773,"SdVolumeCPP-117"
1774,"SdVolumeCPP-118"
1454,"SdFileCPP-813"
1775,"SdVolumeCPP-119"
2196,"temperatureCPP-227"
1453,"SdFileCPP-812"
728,"Sd2CardCPP-562"
1452,"SdFileCPP-811"
2197,"temperatureCPP-229"
729,"Sd2CardCPP-563"
1090,"SdFatH-"
1451,"SdFileCPP-810"
1781,"SdVolumeCPP-131"
1782,"SdVolumeCPP-132"
1783,"SdVolumeCPP-134"
1784,"SdVolumeCPP-135"
1785,"SdVolumeCPP-136"
2192,"temperatureCPP-211"
726,"Sd2CardCPP-555"
2193,"temperatureCPP-213"
727,"Sd2CardCPP-559"
2191,"temperatureCPP-210"
1779,"SdVolumeCPP-127"
1780,"SdVolumeCPP-128"
2194,"temperatureCPP-215"
725,"Sd2CardCPP-551"
2195,"temperatureCPP-217"
1786,"SdVolumeCPP-140"
1787,"SdVolumeCPP-141"
1788,"SdVolumeCPP-142"
1789,"SdVolumeCPP-143"
1790,"SdVolumeCPP-144"
1791,"SdVolumeCPP-145"
1792,"SdVolumeCPP-146"
1793,"SdVolumeCPP-147"
535,"Sd2CardCPP-103"
744,"Sd2CardCPP-587"
2204,"temperatureCPP-244"
2205,"temperatureCPP-246"
536,"Sd2CardCPP-106"
2202,"temperatureCPP-241"
2201,"temperatureCPP-240"
537,"Sd2CardCPP-109"
2203,"temperatureCPP-242"
739,"Sd2CardCPP-581"
740,"Sd2CardCPP-582"
741,"Sd2CardCPP-583"
534,"Sd2CardCPP-100"
742,"Sd2CardCPP-584"
743,"Sd2CardCPP-585"
1794,"SdVolumeCPP-151"
1795,"SdVolumeCPP-152"
1796,"SdVolumeCPP-153"
1797,"SdVolumeCPP-154"
1798,"SdVolumeCPP-155"
1799,"SdVolumeCPP-156"
1800,"SdVolumeCPP-158"
875,"Sd2PinMapH-173"
876,"Sd2PinMapH-176"
878,"Sd2PinMapH-178"
877,"Sd2PinMapH-177"
879,"Sd2PinMapH-179"
736,"Sd2CardCPP-575"
737,"Sd2CardCPP-578"
738,"Sd2CardCPP-579"
880,"Sd2PinMapH-181"
881,"Sd2PinMapH-182"
2198,"temperatureCPP-231"
733,"Sd2CardCPP-570"
2199,"temperatureCPP-237"
734,"Sd2CardCPP-573"
735,"Sd2CardCPP-574"
2200,"temperatureCPP-239"
150,"FatStructsH-366"
151,"FatStructsH-368"
148,"FatStructsH-362"
149,"FatStructsH-364"
2208,"temperatureCPP-260"
147,"FatStructsH-360"
543,"Sd2CardCPP-125"
2209,"temperatureCPP-266"
544,"Sd2CardCPP-126"
2211,"temperatureCPP-269"
545,"Sd2CardCPP-127"
2210,"temperatureCPP-268"
546,"Sd2CardCPP-128"
547,"Sd2CardCPP-129"
1466,"SdFileCPP-851"
1465,"SdFileCPP-850"
153,"FatStructsH-376"
154,"FatStructsH-378"
152,"FatStructsH-374"
2206,"temperatureCPP-256"
541,"Sd2CardCPP-115"
2207,"temperatureCPP-258"
542,"Sd2CardCPP-116"
1464,"SdFileCPP-849"
1463,"SdFileCPP-846"
538,"Sd2CardCPP-110"
539,"Sd2CardCPP-111"
1462,"SdFileCPP-844"
540,"Sd2CardCPP-112"
144,"FatStructsH-347"
1461,"SdFileCPP-842"
145,"FatStructsH-349"
1460,"SdFileCPP-840"
143,"FatStructsH-345"
973,"SdFatH-190"
557,"Sd2CardCPP-146"
2217,"temperatureCPP-289"
972,"SdFatH-189"
558,"Sd2CardCPP-149"
971,"SdFatH-188"
2216,"temperatureCPP-287"
1459,"SdFileCPP-839"
1458,"SdFileCPP-838"
554,"Sd2CardCPP-140"
555,"Sd2CardCPP-141"
1457,"SdFileCPP-835"
1456,"SdFileCPP-833"
556,"Sd2CardCPP-145"
1455,"SdFileCPP-831"
146,"FatStructsH-355"
2212,"temperatureCPP-271"
551,"Sd2CardCPP-135"
552,"Sd2CardCPP-136"
2215,"temperatureCPP-277"
553,"Sd2CardCPP-138"
975,"SdFatH-197"
2213,"temperatureCPP-273"
974,"SdFatH-195"
2214,"temperatureCPP-275"
548,"Sd2CardCPP-130"
549,"Sd2CardCPP-132"
550,"Sd2CardCPP-134"
76,"FatStructsH-34"
1302,"SdFileCPP-422"
75,"FatStructsH-32"
1860,"speed_lookuptableH-6"
562,"Sd2CardCPP-168"
1301,"SdFileCPP-418"
560,"Sd2CardCPP-166"
1300,"SdFileCPP-415"
1482,"SdFileCPP-899"
561,"Sd2CardCPP-167"
1299,"SdFileCPP-413"
1298,"SdFileCPP-412"
1481,"SdFileCPP-896"
1480,"SdFileCPP-895"
77,"FatStructsH-43"
78,"FatStructsH-49"
1183,"SdFileCPP-91"
1479,"SdFileCPP-892"
1478,"SdFileCPP-890"
2218,"temperatureCPP-292"
2220,"temperatureCPP-299"
2219,"temperatureCPP-296"
559,"Sd2CardCPP-150"
1185,"SdFileCPP-95"
1297,"SdFileCPP-409"
1296,"SdFileCPP-408"
1184,"SdFileCPP-93"
1295,"SdFileCPP-407"
1294,"SdFileCPP-406"
1477,"SdFileCPP-889"
1186,"SdFileCPP-96"
1293,"SdFileCPP-404"
1187,"SdFileCPP-97"
1476,"SdFileCPP-887"
1292,"SdFileCPP-402"
1291,"SdFileCPP-401"
1290,"SdFileCPP-400"
1475,"SdFileCPP-884"
79,"FatStructsH-54"
80,"FatStructsH-59"
159,"FatStructsH-388"
1474,"SdFileCPP-881"
571,"Sd2CardCPP-181"
157,"FatStructsH-384"
158,"FatStructsH-386"
155,"FatStructsH-380"
156,"FatStructsH-382"
572,"Sd2CardCPP-182"
1176,"SdFileCPP-61"
1177,"SdFileCPP-62"
573,"Sd2CardCPP-185"
574,"Sd2CardCPP-186"
1473,"SdFileCPP-878"
1178,"SdFileCPP-63"
1472,"SdFileCPP-877"
575,"Sd2CardCPP-189"
82,"FatStructsH-66"
1471,"SdFileCPP-875"
1470,"SdFileCPP-872"
1469,"SdFileCPP-871"
164,"FatStructsH-399"
1468,"SdFileCPP-870"
162,"FatStructsH-395"
163,"FatStructsH-397"
160,"FatStructsH-390"
161,"FatStructsH-392"
81,"FatStructsH-61"
563,"Sd2CardCPP-171"
564,"Sd2CardCPP-172"
565,"Sd2CardCPP-173"
1467,"SdFileCPP-869"
566,"Sd2CardCPP-175"
1181,"SdFileCPP-76"
568,"Sd2CardCPP-176"
1182,"SdFileCPP-77"
569,"Sd2CardCPP-177"
1179,"SdFileCPP-74"
570,"Sd2CardCPP-178"
1180,"SdFileCPP-75"
166,"FatStructsH-402"
285,"plannerCPP-258"
284,"plannerCPP-257"
811,"Sd2CardH-164"
84,"FatStructsH-76"
167,"FatStructsH-405"
812,"Sd2CardH-169"
165,"FatStructsH-401"
490,"plannerH-80"
282,"plannerCPP-250"
283,"plannerCPP-252"
83,"FatStructsH-71"
810,"Sd2CardH-162"
1743,"SdVolumeCPP-56"
958,"SdFatH-124"
957,"SdFatH-123"
1575,"SdFileCPP-1169"
956,"SdFatH-120"
1742,"SdVolumeCPP-53"
1741,"SdVolumeCPP-50"
491,"plannerH-81"
492,"plannerH-82"
493,"plannerH-83"
494,"plannerH-84"
495,"plannerH-85"
960,"SdFatH-129"
168,"FatStructsH-407"
496,"plannerH-86"
1573,"SdFileCPP-1163"
169,"FatStructsH-408"
497,"plannerH-87"
959,"SdFatH-127"
1320,"SdFileCPP-459"
1574,"SdFileCPP-1166"
498,"plannerH-88"
1744,"SdVolumeCPP-59"
87,"FatStructsH-88"
279,"plannerCPP-247"
805,"Sd2CardH-152"
278,"plannerCPP-246"
1319,"SdFileCPP-456"
172,"FatStructsH-415"
281,"plannerCPP-249"
173,"FatStructsH-416"
280,"plannerCPP-248"
806,"Sd2CardH-155"
807,"Sd2CardH-156"
1318,"SdFileCPP-453"
808,"Sd2CardH-157"
1317,"SdFileCPP-452"
170,"FatStructsH-411"
809,"Sd2CardH-158"
1316,"SdFileCPP-451"
171,"FatStructsH-412"
85,"FatStructsH-81"
273,"plannerCPP-241"
272,"plannerCPP-240"
275,"plannerCPP-243"
274,"plannerCPP-242"
277,"plannerCPP-245"
86,"FatStructsH-83"
276,"plannerCPP-244"
488,"plannerH-78"
1748,"SdVolumeCPP-67"
489,"plannerH-79"
961,"SdFatH-135"
1571,"SdFileCPP-1156"
1749,"SdVolumeCPP-68"
1747,"SdVolumeCPP-65"
1572,"SdFileCPP-1158"
1746,"SdVolumeCPP-64"
1745,"SdVolumeCPP-61"
485,"plannerH-71"
486,"plannerH-74"
1569,"SdFileCPP-1153"
1315,"SdFileCPP-449"
1568,"SdFileCPP-1152"
487,"plannerH-76"
962,"SdFatH-138"
1314,"SdFileCPP-448"
1570,"SdFileCPP-1154"
820,"Sd2CardH-185"
1313,"SdFileCPP-445"
1312,"SdFileCPP-443"
271,"plannerCPP-239"
1311,"SdFileCPP-440"
89,"FatStructsH-92"
88,"FatStructsH-90"
816,"Sd2CardH-180"
90,"FatStructsH-95"
817,"Sd2CardH-181"
269,"plannerCPP-231"
270,"plannerCPP-234"
818,"Sd2CardH-183"
819,"Sd2CardH-184"
484,"plannerH-67"
947,"SdFatH-103"
1565,"SdFileCPP-1145"
946,"SdFatH-100"
1566,"SdFileCPP-1147"
1735,"SdVolumeCPP-33"
1567,"SdFileCPP-1149"
1734,"SdVolumeCPP-31"
482,"plannerH-60"
1561,"SdFileCPP-1140"
1951,"stepperCPP-299"
950,"SdFatH-108"
1950,"stepperCPP-298"
949,"SdFatH-107"
1310,"SdFileCPP-439"
1563,"SdFileCPP-1142"
1948,"stepperCPP-293"
483,"plannerH-64"
1562,"SdFileCPP-1141"
1737,"SdVolumeCPP-39"
1947,"stepperCPP-292"
1564,"SdFileCPP-1144"
1736,"SdVolumeCPP-36"
1949,"stepperCPP-295"
948,"SdFatH-104"
1309,"SdFileCPP-436"
267,"plannerCPP-225"
1308,"SdFileCPP-435"
266,"plannerCPP-224"
268,"plannerCPP-226"
814,"Sd2CardH-177"
1307,"SdFileCPP-432"
815,"Sd2CardH-178"
813,"Sd2CardH-170"
264,"plannerCPP-220"
265,"plannerCPP-223"
481,"plannerH-56"
1558,"SdFileCPP-1135"
952,"SdFatH-112"
951,"SdFatH-111"
1559,"SdFileCPP-1136"
1739,"SdVolumeCPP-44"
1560,"SdFileCPP-1139"
1738,"SdVolumeCPP-41"
955,"SdFatH-119"
1306,"SdFileCPP-429"
477,"plannerH-52"
478,"plannerH-53"
1305,"SdFileCPP-427"
479,"plannerH-54"
954,"SdFatH-116"
1304,"SdFileCPP-426"
1740,"SdVolumeCPP-47"
480,"plannerH-55"
953,"SdFatH-115"
1303,"SdFileCPP-425"
1557,"SdFileCPP-1132"
260,"plannerCPP-214"
259,"plannerCPP-213"
792,"Sd2CardH-120"
261,"plannerCPP-216"
793,"Sd2CardH-122"
262,"plannerCPP-217"
794,"Sd2CardH-124"
263,"plannerCPP-219"
795,"Sd2CardH-126"
257,"plannerCPP-210"
258,"plannerCPP-212"
189,"plannerCPP-70"
190,"plannerCPP-71"
191,"plannerCPP-72"
192,"plannerCPP-73"
790,"Sd2CardH-116"
1941,"stepperCPP-275"
193,"plannerCPP-74"
194,"plannerCPP-75"
791,"Sd2CardH-118"
195,"plannerCPP-76"
1942,"stepperCPP-276"
196,"plannerCPP-77"
197,"plannerCPP-78"
1939,"stepperCPP-270"
1940,"stepperCPP-272"
255,"plannerCPP-203"
254,"plannerCPP-202"
787,"Sd2CardH-110"
1330,"SdFileCPP-498"
788,"Sd2CardH-112"
256,"plannerCPP-206"
789,"Sd2CardH-114"
1329,"SdFileCPP-495"
1587,"SdFileCPP-1191"
1586,"SdFileCPP-1190"
1328,"SdFileCPP-493"
1327,"SdFileCPP-490"
253,"plannerCPP-201"
252,"plannerCPP-200"
1729,"SdVolumeCPP-24"
1945,"stepperCPP-286"
785,"Sd2CardH-106"
1588,"SdFileCPP-1192"
1590,"SdFileCPP-1195"
786,"Sd2CardH-108"
1589,"SdFileCPP-1194"
1946,"stepperCPP-287"
1591,"SdFileCPP-1197"
1732,"SdVolumeCPP-27"
1733,"SdVolumeCPP-28"
1943,"stepperCPP-281"
187,"plannerCPP-68"
1592,"SdFileCPP-1199"
1730,"SdVolumeCPP-25"
188,"plannerCPP-69"
1731,"SdVolumeCPP-26"
1944,"stepperCPP-283"
802,"Sd2CardH-142"
1326,"SdFileCPP-489"
803,"Sd2CardH-144"
1325,"SdFileCPP-486"
804,"Sd2CardH-146"
1324,"SdFileCPP-483"
965,"SdFatH-150"
1323,"SdFileCPP-481"
963,"SdFatH-144"
1932,"stepperCPP-257"
202,"plannerCPP-92"
1931,"stepperCPP-256"
203,"plannerCPP-93"
204,"plannerCPP-94"
1933,"stepperCPP-258"
801,"Sd2CardH-138"
1583,"SdFileCPP-1182"
1930,"stepperCPP-253"
1582,"SdFileCPP-1181"
1929,"stepperCPP-252"
205,"plannerCPP-98"
1584,"SdFileCPP-1183"
1585,"SdFileCPP-1186"
964,"SdFatH-149"
1928,"stepperCPP-251"
1927,"stepperCPP-250"
797,"Sd2CardH-130"
1322,"SdFileCPP-478"
798,"Sd2CardH-132"
1321,"SdFileCPP-476"
799,"Sd2CardH-134"
800,"Sd2CardH-136"
1581,"SdFileCPP-1179"
969,"SdFatH-157"
968,"SdFatH-154"
198,"plannerCPP-81"
967,"SdFatH-153"
199,"plannerCPP-82"
966,"SdFatH-152"
200,"plannerCPP-83"
1938,"stepperCPP-269"
1936,"stepperCPP-264"
796,"Sd2CardH-128"
1576,"SdFileCPP-1170"
1935,"stepperCPP-263"
201,"plannerCPP-86"
1577,"SdFileCPP-1173"
1937,"stepperCPP-265"
1578,"SdFileCPP-1174"
1580,"SdFileCPP-1177"
1934,"stepperCPP-262"
970,"SdFatH-159"
1579,"SdFileCPP-1176"
1129,"SdFatH-521"
1128,"SdFatH-520"
874,"Sd2PinMapH-172"
1137,"SdFatH-529"
1920,"stepperCPP-231"
1136,"SdFatH-528"
1919,"stepperCPP-230"
1135,"SdFatH-527"
1921,"stepperCPP-233"
1134,"SdFatH-526"
1133,"SdFatH-525"
1132,"SdFatH-524"
1131,"SdFatH-523"
1130,"SdFatH-522"
1139,"SdFatH-531"
1926,"stepperCPP-249"
1138,"SdFatH-530"
1925,"stepperCPP-248"
1924,"stepperCPP-247"
1145,"SdFatH-539"
1922,"stepperCPP-241"
1144,"SdFatH-538"
1143,"SdFatH-537"
1923,"stepperCPP-243"
1142,"SdFatH-535"
1141,"SdFatH-534"
1140,"SdFatH-533"
782,"Sd2CardH-100"
783,"Sd2CardH-102"
1118,"SdFatH-509"
784,"Sd2CardH-104"
1117,"SdFatH-508"
1911,"stepperCPP-219"
1910,"stepperCPP-218"
1908,"stepperCPP-212"
1909,"stepperCPP-214"
1116,"SdFatH-507"
1115,"SdFatH-506"
1114,"SdFatH-505"
1113,"SdFatH-504"
1112,"SdFatH-502"
1111,"SdFatH-501"
1110,"SdFatH-500"
1127,"SdFatH-519"
870,"Sd2PinMapH-130"
871,"Sd2PinMapH-131"
873,"Sd2PinMapH-134"
872,"Sd2PinMapH-133"
1119,"SdFatH-510"
1917,"stepperCPP-228"
1916,"stepperCPP-227"
1918,"stepperCPP-229"
1913,"stepperCPP-224"
1915,"stepperCPP-226"
1914,"stepperCPP-225"
1126,"SdFatH-518"
1125,"SdFatH-517"
1124,"SdFatH-516"
1912,"stepperCPP-222"
1123,"SdFatH-514"
1122,"SdFatH-513"
1121,"SdFatH-512"
1120,"SdFatH-511"
869,"Sd2PinMapH-129"
868,"Sd2PinMapH-128"
303,"plannerCPP-296"
302,"plannerCPP-295"
305,"plannerCPP-298"
304,"plannerCPP-297"
867,"Sd2PinMapH-125"
306,"plannerCPP-299"
866,"Sd2PinMapH-124"
472,"plannerH-45"
1554,"SdFileCPP-1124"
473,"plannerH-46"
474,"plannerH-47"
1555,"SdFileCPP-1126"
475,"plannerH-48"
476,"plannerH-49"
2329,"ultralcdH-11"
1556,"SdFileCPP-1129"
2328,"ultralcdH-10"
470,"plannerH-40"
471,"plannerH-41"
296,"plannerCPP-283"
295,"plannerCPP-282"
298,"plannerCPP-285"
297,"plannerCPP-284"
300,"plannerCPP-287"
299,"plannerCPP-286"
301,"plannerCPP-289"
465,"plannerH-34"
1906,"stepperCPP-206"
466,"plannerH-35"
1905,"stepperCPP-205"
467,"plannerH-36"
1907,"stepperCPP-207"
468,"plannerH-38"
1904,"stepperCPP-202"
469,"plannerH-39"
294,"plannerCPP-280"
1903,"stepperCPP-200"
462,"plannerH-31"
463,"plannerH-32"
464,"plannerH-33"
293,"plannerCPP-279"
292,"plannerCPP-278"
291,"plannerCPP-277"
1148,"SdFatH-543"
1552,"SdFileCPP-1102"
1147,"SdFatH-541"
1146,"SdFatH-540"
1553,"SdFileCPP-1105"
461,"plannerH-29"
1551,"SdFileCPP-1100"
1149,"SdFatH-544"
290,"plannerCPP-269"
289,"plannerCPP-268"
1863,"stepperCPP-39"
1862,"stepperCPP-38"
286,"plannerCPP-261"
288,"plannerCPP-267"
287,"plannerCPP-266"
1820,"SdVolumeCPP-200"
1821,"SdVolumeCPP-201"
924,"SdFatH-53"
923,"SdFatH-51"
926,"SdFatH-57"
2051,"stepperCPP-508"
2052,"stepperCPP-509"
925,"SdFatH-55"
2055,"stepperCPP-516"
657,"Sd2CardCPP-401"
927,"SdFatH-59"
2054,"stepperCPP-513"
2221,"temperatureCPP-302"
658,"Sd2CardCPP-402"
2053,"stepperCPP-512"
659,"Sd2CardCPP-406"
2223,"temperatureCPP-309"
2222,"temperatureCPP-305"
921,"SdFatH-45"
2056,"stepperCPP-517"
920,"SdFatH-43"
2059,"stepperCPP-524"
922,"SdFatH-47"
2060,"stepperCPP-525"
2057,"stepperCPP-520"
2058,"stepperCPP-521"
1822,"SdVolumeCPP-204"
1823,"SdVolumeCPP-206"
1824,"SdVolumeCPP-207"
1825,"SdVolumeCPP-209"
933,"SdFatH-71"
934,"SdFatH-75"
936,"SdFatH-79"
935,"SdFatH-77"
2228,"temperatureCPP-322"
667,"Sd2CardCPP-422"
668,"Sd2CardCPP-423"
2230,"temperatureCPP-324"
669,"Sd2CardCPP-424"
2229,"temperatureCPP-323"
670,"Sd2CardCPP-425"
671,"Sd2CardCPP-428"
2233,"temperatureCPP-329"
2232,"temperatureCPP-326"
2231,"temperatureCPP-325"
71,"EEPROMH-114"
70,"EEPROMH-113"
69,"EEPROMH-112"
68,"EEPROMH-111"
67,"EEPROMH-110"
1829,"SdVolumeCPP-232"
1830,"SdVolumeCPP-233"
1831,"SdVolumeCPP-234"
1832,"SdVolumeCPP-235"
660,"Sd2CardCPP-407"
661,"Sd2CardCPP-408"
929,"SdFatH-63"
662,"Sd2CardCPP-409"
928,"SdFatH-61"
931,"SdFatH-67"
930,"SdFatH-65"
2049,"stepperCPP-504"
2050,"stepperCPP-505"
2224,"temperatureCPP-310"
663,"Sd2CardCPP-412"
932,"SdFatH-69"
664,"Sd2CardCPP-414"
665,"Sd2CardCPP-416"
2330,"ultralcdH-20"
666,"Sd2CardCPP-417"
2227,"temperatureCPP-319"
2226,"temperatureCPP-318"
1826,"SdVolumeCPP-227"
1827,"SdVolumeCPP-228"
74,"EEPROMH-118"
1828,"SdVolumeCPP-229"
73,"EEPROMH-117"
2225,"temperatureCPP-314"
72,"EEPROMH-115"
2349,"ultralcdH-137"
1834,"SdVolumeCPP-240"
1835,"SdVolumeCPP-242"
2348,"ultralcdH-134"
2347,"ultralcdH-133"
942,"SdFatH-92"
1836,"SdVolumeCPP-244"
2346,"ultralcdH-132"
1837,"SdVolumeCPP-245"
2345,"ultralcdH-131"
941,"SdFatH-90"
1838,"SdVolumeCPP-246"
2344,"ultralcdH-130"
944,"SdFatH-96"
943,"SdFatH-95"
945,"SdFatH-99"
2241,"temperatureCPP-344"
2242,"temperatureCPP-346"
2239,"temperatureCPP-340"
2240,"temperatureCPP-341"
1833,"SdVolumeCPP-236"
2243,"temperatureCPP-348"
2351,"ultralcdH-139"
2350,"ultralcdH-138"
1839,"SdVolumeCPP-251"
1840,"SdVolumeCPP-253"
937,"SdFatH-82"
1841,"SdVolumeCPP-254"
1842,"SdVolumeCPP-257"
939,"SdFatH-86"
2352,"ultralcdH-140"
938,"SdFatH-84"
940,"SdFatH-88"
674,"Sd2CardCPP-432"
675,"Sd2CardCPP-433"
2235,"temperatureCPP-332"
676,"Sd2CardCPP-434"
2236,"temperatureCPP-335"
677,"Sd2CardCPP-437"
678,"Sd2CardCPP-438"
2234,"temperatureCPP-331"
2237,"temperatureCPP-337"
672,"Sd2CardCPP-430"
673,"Sd2CardCPP-431"
2238,"temperatureCPP-338"
2332,"ultralcdH-115"
1845,"SdVolumeCPP-262"
2331,"ultralcdH-113"
1846,"SdVolumeCPP-265"
1847,"SdVolumeCPP-268"
2249,"temperatureCPP-360"
1844,"SdVolumeCPP-260"
687,"Sd2CardCPP-465"
2252,"temperatureCPP-366"
688,"Sd2CardCPP-467"
2253,"temperatureCPP-368"
2250,"temperatureCPP-362"
2251,"temperatureCPP-363"
1843,"SdVolumeCPP-258"
684,"Sd2CardCPP-460"
2334,"ultralcdH-119"
685,"Sd2CardCPP-462"
2333,"ultralcdH-118"
686,"Sd2CardCPP-464"
2340,"ultralcdH-126"
2339,"ultralcdH-125"
1849,"SdVolumeCPP-274"
2338,"ultralcdH-124"
2337,"ultralcdH-122"
1850,"SdVolumeCPP-277"
2336,"ultralcdH-121"
2335,"ultralcdH-120"
1848,"SdVolumeCPP-271"
680,"Sd2CardCPP-454"
681,"Sd2CardCPP-455"
2246,"temperatureCPP-354"
682,"Sd2CardCPP-456"
2247,"temperatureCPP-357"
683,"Sd2CardCPP-459"
2244,"temperatureCPP-350"
2245,"temperatureCPP-352"
2248,"temperatureCPP-359"
2343,"ultralcdH-129"
2342,"ultralcdH-128"
679,"Sd2CardCPP-453"
2341,"ultralcdH-127"
364,"plannerCPP-412"
1438,"SdFileCPP-743"
363,"plannerCPP-411"
366,"plannerCPP-414"
365,"plannerCPP-413"
367,"plannerCPP-417"
2260,"temperatureCPP-382"
2259,"temperatureCPP-381"
362,"plannerCPP-410"
2263,"temperatureCPP-388"
700,"Sd2CardCPP-489"
2261,"temperatureCPP-384"
2262,"temperatureCPP-385"
695,"Sd2CardCPP-481"
1437,"SdFileCPP-738"
696,"Sd2CardCPP-482"
697,"Sd2CardCPP-483"
698,"Sd2CardCPP-484"
1436,"SdFileCPP-735"
699,"Sd2CardCPP-485"
1435,"SdFileCPP-733"
359,"plannerCPP-400"
1434,"SdFileCPP-731"
360,"plannerCPP-404"
361,"plannerCPP-407"
2254,"temperatureCPP-370"
693,"Sd2CardCPP-476"
694,"Sd2CardCPP-477"
2257,"temperatureCPP-376"
2258,"temperatureCPP-379"
2255,"temperatureCPP-372"
2256,"temperatureCPP-374"
1433,"SdFileCPP-729"
1432,"SdFileCPP-727"
689,"Sd2CardCPP-471"
690,"Sd2CardCPP-472"
1431,"SdFileCPP-725"
691,"Sd2CardCPP-473"
1430,"SdFileCPP-724"
692,"Sd2CardCPP-474"
1429,"SdFileCPP-710"
2264,"temperatureCPP-390"
2265,"temperatureCPP-392"
2266,"temperatureCPP-394"
2268,"temperatureCPP-397"
1428,"SdFileCPP-708"
2267,"temperatureCPP-396"
701,"Sd2CardCPP-490"
1427,"SdFileCPP-707"
1426,"SdFileCPP-705"
702,"Sd2CardCPP-493"
1425,"SdFileCPP-704"
1424,"SdFileCPP-703"
1423,"SdFileCPP-702"
703,"Sd2CardCPP-496"
704,"Sd2CardCPP-497"
61,"EEPROMH-103"
60,"EEPROMH-102"
1264,"SdFileCPP-302"
1449,"SdFileCPP-786"
59,"EEPROMH-101"
1263,"SdFileCPP-301"
58,"EEPROMH-100"
1448,"SdFileCPP-783"
1447,"SdFileCPP-780"
66,"EEPROMH-109"
65,"EEPROMH-108"
64,"EEPROMH-107"
63,"EEPROMH-106"
1446,"SdFileCPP-779"
62,"EEPROMH-104"
1445,"SdFileCPP-776"
1444,"SdFileCPP-774"
1443,"SdFileCPP-757"
1442,"SdFileCPP-754"
1441,"SdFileCPP-751"
1440,"SdFileCPP-748"
1439,"SdFileCPP-745"
1900,"stepperCPP-192"
1899,"stepperCPP-191"
344,"plannerCPP-370"
345,"plannerCPP-373"
347,"plannerCPP-375"
346,"plannerCPP-374"
348,"plannerCPP-376"
1004,"SdFatH-246"
1003,"SdFatH-244"
1002,"SdFatH-243"
1001,"SdFatH-242"
1000,"SdFatH-241"
1901,"stepperCPP-197"
1902,"stepperCPP-199"
1006,"SdFatH-249"
1005,"SdFatH-247"
342,"plannerCPP-368"
341,"plannerCPP-367"
1280,"SdFileCPP-335"
343,"plannerCPP-369"
1279,"SdFileCPP-332"
335,"plannerCPP-360"
1011,"SdFatH-260"
336,"plannerCPP-362"
338,"plannerCPP-364"
337,"plannerCPP-363"
340,"plannerCPP-366"
339,"plannerCPP-365"
1009,"SdFatH-253"
1008,"SdFatH-252"
1007,"SdFatH-250"
1278,"SdFileCPP-329"
1010,"SdFatH-259"
1277,"SdFileCPP-326"
332,"plannerCPP-357"
1276,"SdFileCPP-325"
331,"plannerCPP-356"
334,"plannerCPP-359"
1275,"SdFileCPP-323"
1885,"stepperCPP-170"
333,"plannerCPP-358"
1274,"SdFileCPP-322"
1273,"SdFileCPP-321"
1272,"SdFileCPP-320"
328,"plannerCPP-351"
327,"plannerCPP-350"
329,"plannerCPP-352"
330,"plannerCPP-355"
991,"SdFatH-224"
990,"SdFatH-223"
989,"SdFatH-222"
988,"SdFatH-221"
1890,"stepperCPP-179"
1887,"stepperCPP-176"
1889,"stepperCPP-178"
995,"SdFatH-229"
1888,"stepperCPP-177"
994,"SdFatH-228"
993,"SdFatH-227"
1271,"SdFileCPP-317"
992,"SdFatH-226"
1886,"stepperCPP-173"
324,"plannerCPP-346"
1270,"SdFileCPP-314"
1269,"SdFileCPP-313"
326,"plannerCPP-348"
1892,"stepperCPP-181"
325,"plannerCPP-347"
1891,"stepperCPP-180"
1268,"SdFileCPP-310"
321,"plannerCPP-340"
323,"plannerCPP-342"
322,"plannerCPP-341"
996,"SdFatH-230"
1896,"stepperCPP-187"
1895,"stepperCPP-186"
1267,"SdFileCPP-309"
1608,"SdFileCPP-1250"
1898,"stepperCPP-189"
1266,"SdFileCPP-308"
1897,"stepperCPP-188"
999,"SdFatH-239"
1894,"stepperCPP-183"
998,"SdFatH-238"
1609,"SdFileCPP-1251"
1893,"stepperCPP-182"
997,"SdFatH-237"
1265,"SdFileCPP-305"
1450,"SdFileCPP-789"
319,"plannerCPP-335"
1153,"SdFatUtilH-39"
318,"plannerCPP-334"
1152,"SdFatUtilH-38"
1284,"SdFileCPP-389"
320,"plannerCPP-336"
1283,"SdFileCPP-386"
1151,"SdFatUtilH-37"
1282,"SdFileCPP-385"
1150,"SdFatUtilH-36"
1281,"SdFileCPP-384"
1025,"SdFatH-290"
316,"plannerCPP-330"
317,"plannerCPP-333"
1024,"SdFatH-289"
1023,"SdFatH-288"
1022,"SdFatH-287"
1021,"SdFatH-286"
1020,"SdFatH-285"
1876,"stepperCPP-157"
1875,"stepperCPP-155"
1157,"SdFatUtilH-49"
314,"plannerCPP-328"
1156,"SdFatUtilH-46"
313,"plannerCPP-327"
315,"plannerCPP-329"
1027,"SdFatH-298"
1026,"SdFatH-297"
1884,"stepperCPP-169"
1883,"stepperCPP-168"
1155,"SdFatUtilH-42"
1881,"stepperCPP-165"
1880,"stepperCPP-164"
1882,"stepperCPP-166"
1878,"stepperCPP-161"
1877,"stepperCPP-160"
1154,"SdFatUtilH-40"
1879,"stepperCPP-162"
1158,"SdFatUtilH-57"
1159,"SdFatUtilH-58"
1014,"SdFatH-270"
1013,"SdFatH-268"
1012,"SdFatH-267"
1874,"stepperCPP-136"
1873,"stepperCPP-135"
1871,"stepperCPP-132"
1872,"stepperCPP-133"
1870,"stepperCPP-130"
309,"plannerCPP-302"
308,"plannerCPP-301"
310,"plannerCPP-303"
1162,"SdFatUtilH-68"
311,"plannerCPP-305"
1161,"SdFatUtilH-67"
312,"plannerCPP-307"
1019,"SdFatH-282"
1018,"SdFatH-281"
307,"plannerCPP-300"
1017,"SdFatH-279"
1016,"SdFatH-278"
1015,"SdFatH-272"
1160,"SdFatUtilH-66"
1803,"SdVolumeCPP-163"
1804,"SdVolumeCPP-167"
1805,"SdVolumeCPP-169"
896,"Sd2PinMapH-284"
897,"Sd2PinMapH-285"
1802,"SdVolumeCPP-161"
1594,"SdFileCPP-1201"
1864,"stepperCPP-118"
1593,"SdFileCPP-1200"
1595,"SdFileCPP-1203"
1597,"SdFileCPP-1207"
1596,"SdFileCPP-1206"
1801,"SdVolumeCPP-159"
2087,"stepperCPP-590"
1807,"SdVolumeCPP-175"
1808,"SdVolumeCPP-176"
1809,"SdVolumeCPP-178"
1810,"SdVolumeCPP-179"
890,"Sd2PinMapH-275"
891,"Sd2PinMapH-276"
892,"Sd2PinMapH-279"
1806,"SdVolumeCPP-172"
1869,"stepperCPP-129"
1868,"stepperCPP-128"
893,"Sd2PinMapH-280"
895,"Sd2PinMapH-282"
894,"Sd2PinMapH-281"
1867,"stepperCPP-126"
1865,"stepperCPP-121"
1866,"stepperCPP-122"
1813,"SdVolumeCPP-185"
1814,"SdVolumeCPP-187"
1811,"SdVolumeCPP-182"
1812,"SdVolumeCPP-183"
2081,"stepperCPP-579"
2080,"stepperCPP-578"
2079,"stepperCPP-575"
2078,"stepperCPP-574"
2076,"stepperCPP-571"
2077,"stepperCPP-572"
2075,"stepperCPP-570"
1817,"SdVolumeCPP-195"
1818,"SdVolumeCPP-197"
1289,"SdFileCPP-399"
1819,"SdVolumeCPP-199"
1288,"SdFileCPP-396"
1287,"SdFileCPP-393"
1286,"SdFileCPP-392"
1285,"SdFileCPP-391"
1815,"SdVolumeCPP-190"
1816,"SdVolumeCPP-191"
2085,"stepperCPP-588"
2086,"stepperCPP-589"
2084,"stepperCPP-587"
2083,"stepperCPP-585"
2082,"stepperCPP-581"
977,"SdFatH-201"
976,"SdFatH-200"
2069,"stepperCPP-557"
1607,"SdFileCPP-1249"
2068,"stepperCPP-554"
2067,"stepperCPP-551"
981,"SdFatH-208"
980,"SdFatH-206"
1606,"SdFileCPP-1241"
1605,"SdFileCPP-1240"
979,"SdFatH-204"
978,"SdFatH-203"
983,"SdFatH-212"
982,"SdFatH-210"
2073,"stepperCPP-566"
2074,"stepperCPP-567"
2071,"stepperCPP-564"
2072,"stepperCPP-565"
987,"SdFatH-219"
2070,"stepperCPP-560"
986,"SdFatH-218"
985,"SdFatH-216"
1604,"SdFileCPP-1232"
984,"SdFatH-214"
1603,"SdFileCPP-1231"
355,"plannerCPP-393"
887,"Sd2PinMapH-220"
356,"plannerCPP-397"
888,"Sd2PinMapH-222"
358,"plannerCPP-399"
357,"plannerCPP-398"
889,"Sd2PinMapH-223"
2061,"stepperCPP-529"
1602,"SdFileCPP-1223"
1601,"SdFileCPP-1222"
2064,"stepperCPP-538"
2063,"stepperCPP-535"
354,"plannerCPP-390"
2062,"stepperCPP-532"
353,"plannerCPP-389"
883,"Sd2PinMapH-214"
884,"Sd2PinMapH-217"
886,"Sd2PinMapH-219"
885,"Sd2PinMapH-218"
349,"plannerCPP-382"
1598,"SdFileCPP-1209"
350,"plannerCPP-386"
352,"plannerCPP-388"
882,"Sd2PinMapH-213"
351,"plannerCPP-387"
1600,"SdFileCPP-1214"
1599,"SdFileCPP-1213"
2066,"stepperCPP-544"
2065,"stepperCPP-541"
2277,"temperatureCPP-421"
2276,"temperatureCPP-420"
174,"MarlinH-13"
2279,"temperatureCPP-423"
175,"MarlinH-14"
2278,"temperatureCPP-422"
176,"MarlinH-16"
2283,"temperatureCPP-429"
2282,"temperatureCPP-428"
2280,"temperatureCPP-424"
2281,"temperatureCPP-427"
2272,"temperatureCPP-410"
2005,"stepperCPP-406"
2003,"stepperCPP-403"
2004,"stepperCPP-404"
2273,"temperatureCPP-411"
2002,"stepperCPP-401"
2275,"temperatureCPP-417"
2274,"temperatureCPP-415"
108,"FatStructsH-182"
109,"FatStructsH-184"
2289,"temperatureCPP-443"
110,"FatStructsH-190"
2291,"temperatureCPP-445"
2290,"temperatureCPP-444"
618,"Sd2CardCPP-306"
619,"Sd2CardCPP-307"
2292,"temperatureCPP-446"
111,"FatStructsH-197"
2285,"temperatureCPP-434"
2284,"temperatureCPP-430"
765,"Sd2CardH-29"
2287,"temperatureCPP-436"
2286,"temperatureCPP-435"
2288,"temperatureCPP-437"
2299,"temperatureCPP-461"
2298,"temperatureCPP-460"
2300,"temperatureCPP-462"
2302,"temperatureCPP-469"
2301,"temperatureCPP-468"
621,"Sd2CardCPP-320"
622,"Sd2CardCPP-321"
620,"Sd2CardCPP-308"
2296,"temperatureCPP-453"
2293,"temperatureCPP-450"
2295,"temperatureCPP-452"
2294,"temperatureCPP-451"
2297,"temperatureCPP-459"
630,"Sd2CardCPP-344"
631,"Sd2CardCPP-345"
632,"Sd2CardCPP-346"
633,"Sd2CardCPP-349"
628,"Sd2CardCPP-341"
629,"Sd2CardCPP-342"
2303,"temperatureCPP-470"
623,"Sd2CardCPP-334"
624,"Sd2CardCPP-335"
625,"Sd2CardCPP-336"
626,"Sd2CardCPP-337"
2,"ConfigurationH-67"
627,"Sd2CardCPP-338"
2304,"temperatureCPP-471"
2134,"temperatureCPP-82"
99,"FatStructsH-128"
434,"plannerCPP-532"
1635,"SdInfoH-90"
435,"plannerCPP-535"
2135,"temperatureCPP-85"
436,"plannerCPP-536"
1637,"SdInfoH-94"
438,"plannerCPP-539"
2136,"temperatureCPP-88"
437,"plannerCPP-538"
1636,"SdInfoH-92"
433,"plannerCPP-531"
432,"plannerCPP-530"
640,"Sd2CardCPP-366"
641,"Sd2CardCPP-367"
642,"Sd2CardCPP-368"
643,"Sd2CardCPP-369"
1633,"SdInfoH-86"
2133,"temperatureCPP-79"
1389,"SdFileCPP-617"
1632,"SdInfoH-84"
637,"Sd2CardCPP-361"
1388,"SdFileCPP-616"
638,"Sd2CardCPP-362"
1387,"SdFileCPP-615"
639,"Sd2CardCPP-363"
1386,"SdFileCPP-614"
1385,"SdFileCPP-613"
1634,"SdInfoH-88"
1384,"SdFileCPP-612"
429,"plannerCPP-522"
101,"FatStructsH-139"
428,"plannerCPP-521"
2131,"temperatureCPP-72"
431,"plannerCPP-526"
1631,"SdInfoH-82"
2132,"temperatureCPP-75"
430,"plannerCPP-525"
1630,"SdInfoH-80"
100,"FatStructsH-133"
427,"plannerCPP-520"
636,"Sd2CardCPP-358"
2130,"temperatureCPP-68"
426,"plannerCPP-518"
1628,"SdInfoH-76"
1627,"SdInfoH-74"
634,"Sd2CardCPP-352"
635,"Sd2CardCPP-353"
1383,"SdFileCPP-602"
1382,"SdFileCPP-601"
1629,"SdInfoH-78"
1381,"SdFileCPP-600"
2123,"temperatureCPP-60"
92,"FatStructsH-106"
420,"plannerCPP-510"
2124,"temperatureCPP-61"
422,"plannerCPP-513"
2125,"temperatureCPP-62"
93,"FatStructsH-108"
421,"plannerCPP-512"
2126,"temperatureCPP-63"
423,"plannerCPP-514"
1626,"SdInfoH-72"
2127,"temperatureCPP-65"
425,"plannerCPP-517"
2128,"temperatureCPP-66"
91,"FatStructsH-104"
424,"plannerCPP-516"
1625,"SdInfoH-70"
2129,"temperatureCPP-67"
651,"Sd2CardCPP-388"
184,"MarlinH-78"
652,"Sd2CardCPP-389"
185,"MarlinH-79"
418,"plannerCPP-508"
648,"Sd2CardCPP-380"
1623,"SdInfoH-64"
2120,"temperatureCPP-57"
182,"MarlinH-70"
2121,"temperatureCPP-58"
183,"MarlinH-71"
2122,"temperatureCPP-59"
419,"plannerCPP-509"
649,"Sd2CardCPP-383"
650,"Sd2CardCPP-384"
1624,"SdInfoH-67"
97,"FatStructsH-116"
413,"plannerCPP-500"
2114,"temperatureCPP-50"
415,"plannerCPP-502"
2115,"temperatureCPP-51"
98,"FatStructsH-119"
414,"plannerCPP-501"
2116,"temperatureCPP-52"
95,"FatStructsH-112"
2117,"temperatureCPP-53"
1622,"SdInfoH-61"
2118,"temperatureCPP-54"
96,"FatStructsH-114"
417,"plannerCPP-506"
416,"plannerCPP-505"
2119,"temperatureCPP-56"
94,"FatStructsH-110"
647,"Sd2CardCPP-379"
1621,"SdInfoH-59"
186,"MarlinH-81"
644,"Sd2CardCPP-370"
2113,"temperatureCPP-47"
1618,"SdInfoH-52"
645,"Sd2CardCPP-373"
1620,"SdInfoH-57"
646,"Sd2CardCPP-374"
1619,"SdInfoH-55"
1652,"SdInfoH-121"
1404,"SdFileCPP-664"
1653,"SdInfoH-123"
2108,"temperatureCPP-40"
1654,"SdInfoH-124"
2109,"temperatureCPP-41"
105,"FatStructsH-167"
1403,"SdFileCPP-661"
1617,"SdInfoH-50"
2110,"temperatureCPP-43"
1402,"SdFileCPP-660"
2111,"temperatureCPP-44"
2112,"temperatureCPP-45"
860,"Sd2PinMapH-42"
863,"Sd2PinMapH-45"
861,"Sd2PinMapH-43"
862,"Sd2PinMapH-44"
177,"MarlinH-55"
178,"MarlinH-56"
864,"Sd2PinMapH-47"
1616,"SdInfoH-48"
179,"MarlinH-58"
865,"Sd2PinMapH-48"
180,"MarlinH-59"
1613,"SdInfoH-42"
1658,"SdInfoH-129"
1612,"SdInfoH-40"
1615,"SdInfoH-46"
1655,"SdInfoH-126"
1614,"SdInfoH-44"
1656,"SdInfoH-127"
1657,"SdInfoH-128"
1661,"SdInfoH-133"
1662,"SdInfoH-135"
1659,"SdInfoH-130"
1660,"SdInfoH-131"
106,"FatStructsH-174"
856,"Sd2PinMapH-30"
857,"Sd2PinMapH-31"
858,"Sd2PinMapH-38"
859,"Sd2PinMapH-39"
107,"FatStructsH-180"
1611,"SdInfoH-38"
653,"Sd2CardCPP-391"
181,"MarlinH-60"
654,"Sd2CardCPP-393"
1663,"SdInfoH-136"
655,"Sd2CardCPP-396"
1610,"SdInfoH-36"
1664,"SdInfoH-137"
656,"Sd2CardCPP-397"
1665,"SdInfoH-139"
1401,"SdFileCPP-643"
1641,"SdInfoH-100"
1400,"SdFileCPP-642"
1399,"SdFileCPP-641"
1642,"SdInfoH-102"
1398,"SdFileCPP-640"
103,"FatStructsH-148"
102,"FatStructsH-144"
853,"Sd2PinMapH-27"
854,"Sd2PinMapH-28"
855,"Sd2PinMapH-29"
1397,"SdFileCPP-639"
1396,"SdFileCPP-638"
1643,"SdInfoH-103"
1644,"SdInfoH-105"
1645,"SdInfoH-106"
1646,"SdInfoH-110"
1395,"SdFileCPP-631"
1647,"SdInfoH-112"
1394,"SdFileCPP-630"
1648,"SdInfoH-113"
104,"FatStructsH-157"
1393,"SdFileCPP-629"
1651,"SdInfoH-119"
1392,"SdFileCPP-628"
1391,"SdFileCPP-627"
1390,"SdFileCPP-626"
1649,"SdInfoH-115"
1650,"SdInfoH-117"
907,"Sd2PinMapH-325"
906,"Sd2PinMapH-324"
1229,"SdFileCPP-225"
1228,"SdFileCPP-224"
1227,"SdFileCPP-223"
1226,"SdFileCPP-222"
408,"plannerCPP-492"
1056,"SdFatH-370"
407,"plannerCPP-491"
410,"plannerCPP-494"
409,"plannerCPP-493"
411,"plannerCPP-496"
904,"Sd2PinMapH-321"
905,"Sd2PinMapH-323"
412,"plannerCPP-497"
908,"Sd2PinMapH-322"
1055,"SdFatH-364"
1054,"SdFatH-363"
1053,"SdFatH-362"
406,"plannerCPP-490"
1052,"SdFatH-361"
1051,"SdFatH-360"
509,"Sd2CardCPP-48"
508,"Sd2CardCPP-46"
507,"Sd2CardCPP-44"
1225,"SdFileCPP-219"
506,"Sd2CardCPP-42"
505,"Sd2CardCPP-41"
1224,"SdFileCPP-216"
405,"plannerCPP-489"
900,"Sd2PinMapH-314"
1422,"SdFileCPP-699"
404,"plannerCPP-488"
901,"Sd2PinMapH-313"
1421,"SdFileCPP-698"
903,"Sd2PinMapH-316"
1223,"SdFileCPP-213"
902,"Sd2PinMapH-315"
1420,"SdFileCPP-696"
1222,"SdFileCPP-210"
1419,"SdFileCPP-693"
510,"Sd2CardCPP-49"
399,"plannerCPP-481"
398,"plannerCPP-480"
1418,"SdFileCPP-690"
400,"plannerCPP-482"
402,"plannerCPP-485"
899,"Sd2PinMapH-310"
401,"plannerCPP-484"
403,"plannerCPP-486"
1059,"SdFatH-376"
1058,"SdFatH-374"
1057,"SdFatH-372"
515,"Sd2CardCPP-59"
514,"Sd2CardCPP-57"
513,"Sd2CardCPP-55"
1221,"SdFileCPP-207"
512,"Sd2CardCPP-53"
511,"Sd2CardCPP-52"
1220,"SdFileCPP-205"
397,"plannerCPP-478"
1219,"SdFileCPP-204"
1417,"SdFileCPP-688"
396,"plannerCPP-477"
1218,"SdFileCPP-202"
1217,"SdFileCPP-201"
1416,"SdFileCPP-685"
1415,"SdFileCPP-682"
898,"Sd2PinMapH-308"
1414,"SdFileCPP-680"
394,"plannerCPP-473"
395,"plannerCPP-476"
1045,"SdFatH-345"
1044,"SdFatH-342"
1043,"SdFatH-341"
499,"Sd2CardCPP-26"
1046,"SdFatH-348"
1413,"SdFileCPP-678"
1412,"SdFileCPP-677"
393,"plannerCPP-469"
1411,"SdFileCPP-675"
392,"plannerCPP-468"
1410,"SdFileCPP-674"
1409,"SdFileCPP-673"
1408,"SdFileCPP-672"
501,"Sd2CardCPP-28"
1407,"SdFileCPP-671"
500,"Sd2CardCPP-27"
1406,"SdFileCPP-670"
388,"plannerCPP-461"
387,"plannerCPP-460"
390,"plannerCPP-463"
389,"plannerCPP-462"
391,"plannerCPP-464"
1048,"SdFatH-353"
1047,"SdFatH-352"
504,"Sd2CardCPP-33"
503,"Sd2CardCPP-32"
1050,"SdFatH-359"
502,"Sd2CardCPP-31"
1049,"SdFatH-358"
1405,"SdFileCPP-667"
1255,"SdFileCPP-269"
112,"FatStructsH-201"
1254,"SdFileCPP-265"
1253,"SdFileCPP-263"
1252,"SdFileCPP-261"
385,"plannerCPP-450"
1251,"SdFileCPP-260"
386,"plannerCPP-454"
1250,"SdFileCPP-259"
114,"FatStructsH-217"
382,"plannerCPP-446"
1249,"SdFileCPP-256"
384,"plannerCPP-449"
1248,"SdFileCPP-255"
113,"FatStructsH-212"
383,"plannerCPP-448"
1247,"SdFileCPP-254"
1246,"SdFileCPP-253"
1245,"SdFileCPP-252"
1244,"SdFileCPP-251"
1243,"SdFileCPP-250"
381,"plannerCPP-442"
1242,"SdFileCPP-248"
377,"plannerCPP-433"
1241,"SdFileCPP-247"
379,"plannerCPP-436"
1240,"SdFileCPP-246"
378,"plannerCPP-435"
1239,"SdFileCPP-245"
380,"plannerCPP-439"
1068,"SdFatH-392"
1067,"SdFatH-391"
1066,"SdFatH-390"
375,"plannerCPP-430"
376,"plannerCPP-431"
1065,"SdFatH-389"
1064,"SdFatH-388"
1063,"SdFatH-387"
1062,"SdFatH-386"
1061,"SdFatH-385"
1060,"SdFatH-384"
2048,"stepperCPP-498"
2047,"stepperCPP-497"
2046,"stepperCPP-494"
2045,"stepperCPP-493"
1238,"SdFileCPP-239"
2044,"stepperCPP-490"
1237,"SdFileCPP-238"
369,"plannerCPP-423"
1236,"SdFileCPP-237"
2139,"temperatureCPP-93"
368,"plannerCPP-422"
1235,"SdFileCPP-236"
371,"plannerCPP-425"
1234,"SdFileCPP-235"
2140,"temperatureCPP-95"
370,"plannerCPP-424"
2141,"temperatureCPP-96"
372,"plannerCPP-427"
2142,"temperatureCPP-97"
1233,"SdFileCPP-232"
374,"plannerCPP-429"
373,"plannerCPP-428"
1232,"SdFileCPP-230"
2137,"temperatureCPP-91"
2138,"temperatureCPP-92"
1073,"SdFatH-399"
1072,"SdFatH-398"
1071,"SdFatH-397"
1070,"SdFatH-396"
1069,"SdFatH-395"
1639,"SdInfoH-97"
1638,"SdInfoH-95"
1231,"SdFileCPP-229"
1230,"SdFileCPP-228"
1640,"SdInfoH-99"
1852,"SdVolumeCPP-283"
1853,"SdVolumeCPP-286"
1854,"SdVolumeCPP-287"
1855,"SdVolumeCPP-288"
1856,"SdVolumeCPP-289"
1851,"SdVolumeCPP-280"
2040,"stepperCPP-479"
2039,"stepperCPP-476"
2038,"stepperCPP-473"
2037,"stepperCPP-470"
1859,"SdVolumeCPP-294"
1262,"SdFileCPP-298"
1261,"SdFileCPP-295"
1260,"SdFileCPP-292"
1259,"SdFileCPP-291"
1857,"SdVolumeCPP-291"
1858,"SdVolumeCPP-292"
2043,"stepperCPP-489"
2041,"stepperCPP-485"
2042,"stepperCPP-486"
1258,"SdFileCPP-288"
1257,"SdFileCPP-285"
1256,"SdFileCPP-284"
2032,"stepperCPP-458"
2033,"stepperCPP-459"
2030,"stepperCPP-456"
2031,"stepperCPP-457"
2029,"stepperCPP-454"
2027,"stepperCPP-452"
2028,"stepperCPP-453"
2026,"stepperCPP-451"
2036,"stepperCPP-466"
2034,"stepperCPP-461"
2035,"stepperCPP-462"
528,"Sd2CardCPP-83"
527,"Sd2CardCPP-82"
2021,"stepperCPP-436"
526,"Sd2CardCPP-81"
1035,"SdFatH-320"
2022,"stepperCPP-437"
525,"Sd2CardCPP-80"
2019,"stepperCPP-432"
2020,"stepperCPP-433"
2018,"stepperCPP-431"
530,"Sd2CardCPP-87"
1037,"SdFatH-325"
529,"Sd2CardCPP-85"
1036,"SdFatH-324"
919,"Sd2PinMapH-350"
2025,"stepperCPP-449"
532,"Sd2CardCPP-94"
1040,"SdFatH-332"
531,"Sd2CardCPP-92"
1039,"SdFatH-331"
1038,"SdFatH-330"
2024,"stepperCPP-445"
2023,"stepperCPP-442"
533,"Sd2CardCPP-97"
1042,"SdFatH-336"
1041,"SdFatH-335"
914,"Sd2PinMapH-341"
915,"Sd2PinMapH-343"
2007,"stepperCPP-409"
918,"Sd2PinMapH-342"
917,"Sd2PinMapH-345"
2006,"stepperCPP-407"
916,"Sd2PinMapH-344"
516,"Sd2CardCPP-62"
2010,"stepperCPP-417"
2009,"stepperCPP-413"
2008,"stepperCPP-410"
2270,"temperatureCPP-407"
519,"Sd2CardCPP-69"
518,"Sd2CardCPP-67"
1030,"SdFatH-306"
2271,"temperatureCPP-408"
1029,"SdFatH-305"
1028,"SdFatH-304"
517,"Sd2CardCPP-63"
2269,"temperatureCPP-404"
913,"Sd2PinMapH-336"
912,"Sd2PinMapH-335"
909,"Sd2PinMapH-330"
910,"Sd2PinMapH-334"
2011,"stepperCPP-418"
911,"Sd2PinMapH-333"
522,"Sd2CardCPP-73"
2016,"stepperCPP-427"
2017,"stepperCPP-428"
521,"Sd2CardCPP-71"
2015,"stepperCPP-425"
520,"Sd2CardCPP-70"
2013,"stepperCPP-423"
2014,"stepperCPP-424"
2012,"stepperCPP-421"
1034,"SdFatH-317"
524,"Sd2CardCPP-77"
1033,"SdFatH-316"
1032,"SdFatH-315"
523,"Sd2CardCPP-75"
1031,"SdFatH-314"
763,"Sd2CardCPP-641"
764,"Sd2CardCPP-642"
2319,"thermistortablesH-9"
762,"Sd2CardCPP-640"
756,"Sd2CardCPP-632"
757,"Sd2CardCPP-633"
758,"Sd2CardCPP-634"
759,"Sd2CardCPP-635"
760,"Sd2CardCPP-636"
761,"Sd2CardCPP-637"
2327,"ultralcdH-9"
2326,"ultralcdH-8"
2325,"ultralcdH-7"
1500,"SdFileCPP-941"
2145,"temperatureCPP-104"
2144,"temperatureCPP-103"
2143,"temperatureCPP-100"
1499,"SdFileCPP-939"
2149,"temperatureCPP-109"
1498,"SdFileCPP-936"
1497,"SdFileCPP-934"
2147,"temperatureCPP-106"
2146,"temperatureCPP-105"
1496,"SdFileCPP-932"
2148,"temperatureCPP-108"
579,"Sd2CardCPP-200"
1495,"SdFileCPP-931"
1494,"SdFileCPP-928"
1493,"SdFileCPP-927"
1492,"SdFileCPP-926"
1491,"SdFileCPP-924"
1490,"SdFileCPP-922"
1489,"SdFileCPP-921"
1488,"SdFileCPP-920"
587,"Sd2CardCPP-223"
2159,"temperatureCPP-124"
588,"Sd2CardCPP-224"
2158,"temperatureCPP-123"
589,"Sd2CardCPP-225"
2160,"temperatureCPP-125"
2157,"temperatureCPP-120"
590,"Sd2CardCPP-229"
1487,"SdFileCPP-918"
1486,"SdFileCPP-916"
585,"Sd2CardCPP-221"
586,"Sd2CardCPP-222"
2161,"temperatureCPP-129"
2151,"temperatureCPP-113"
580,"Sd2CardCPP-213"
581,"Sd2CardCPP-214"
2153,"temperatureCPP-115"
582,"Sd2CardCPP-215"
2152,"temperatureCPP-114"
583,"Sd2CardCPP-217"
584,"Sd2CardCPP-218"
2150,"temperatureCPP-110"
1485,"SdFileCPP-905"
1484,"SdFileCPP-904"
2154,"temperatureCPP-117"
1483,"SdFileCPP-900"
2156,"temperatureCPP-119"
2155,"temperatureCPP-118"
120,"FatStructsH-249"
1706,"SdInfoH-200"
2105,"streamingH-78"
1707,"SdInfoH-201"
1516,"SdFileCPP-980"
119,"FatStructsH-241"
2104,"streamingH-70"
2173,"temperatureCPP-145"
2174,"temperatureCPP-147"
598,"Sd2CardCPP-249"
2106,"streamingH-80"
2172,"temperatureCPP-141"
1711,"SdInfoH-207"
1712,"SdInfoH-208"
1713,"SdInfoH-209"
1515,"SdFileCPP-978"
1708,"SdInfoH-202"
595,"Sd2CardCPP-242"
596,"Sd2CardCPP-243"
1709,"SdInfoH-204"
597,"Sd2CardCPP-244"
1514,"SdFileCPP-975"
1710,"SdInfoH-205"
125,"FatStructsH-259"
1513,"SdFileCPP-974"
2103,"streamingH-69"
1512,"SdFileCPP-973"
1714,"SdInfoH-210"
1715,"SdInfoH-212"
123,"FatStructsH-255"
1511,"SdFileCPP-970"
124,"FatStructsH-257"
121,"FatStructsH-251"
2099,"streamingH-61"
122,"FatStructsH-253"
2102,"streamingH-65"
2100,"streamingH-63"
2101,"streamingH-64"
2167,"temperatureCPP-135"
2166,"temperatureCPP-134"
2169,"temperatureCPP-137"
593,"Sd2CardCPP-237"
2168,"temperatureCPP-136"
2163,"temperatureCPP-131"
594,"Sd2CardCPP-239"
2162,"temperatureCPP-130"
2165,"temperatureCPP-133"
2164,"temperatureCPP-132"
1719,"SdInfoH-217"
2321,"thermistortablesH-75"
1720,"SdInfoH-218"
2089,"stepperH-27"
1510,"SdFileCPP-969"
1721,"SdInfoH-219"
2088,"stepperH-24"
2322,"thermistortablesH-76"
1716,"SdInfoH-213"
2171,"temperatureCPP-139"
591,"Sd2CardCPP-231"
1509,"SdFileCPP-966"
1717,"SdInfoH-214"
2170,"temperatureCPP-138"
592,"Sd2CardCPP-233"
1718,"SdInfoH-216"
1508,"SdFileCPP-963"
116,"FatStructsH-227"
1507,"SdFileCPP-962"
1506,"SdFileCPP-961"
115,"FatStructsH-222"
2178,"temperatureCPP-160"
2097,"streamingH-51"
2179,"temperatureCPP-162"
2098,"streamingH-52"
2090,"stepperH-31"
2180,"temperatureCPP-166"
2092,"stepperH-37"
1505,"SdFileCPP-959"
604,"Sd2CardCPP-261"
1504,"SdFileCPP-957"
2091,"stepperH-36"
605,"Sd2CardCPP-263"
606,"Sd2CardCPP-265"
607,"Sd2CardCPP-266"
118,"FatStructsH-238"
117,"FatStructsH-233"
1548,"SdFileCPP-1091"
2175,"temperatureCPP-151"
2177,"temperatureCPP-157"
603,"Sd2CardCPP-258"
2176,"temperatureCPP-155"
1549,"SdFileCPP-1094"
599,"Sd2CardCPP-250"
1503,"SdFileCPP-945"
600,"Sd2CardCPP-253"
1502,"SdFileCPP-944"
1550,"SdFileCPP-1097"
601,"Sd2CardCPP-254"
602,"Sd2CardCPP-255"
1501,"SdFileCPP-942"
2096,"streamingH-36"
2094,"streamingH-34"
2095,"streamingH-35"
138,"FatStructsH-289"
613,"Sd2CardCPP-280"
136,"FatStructsH-284"
2184,"temperatureCPP-181"
137,"FatStructsH-286"
1759,"SdVolumeCPP-91"
2185,"temperatureCPP-183"
134,"FatStructsH-280"
2093,"streamingH-32"
135,"FatStructsH-282"
616,"Sd2CardCPP-289"
1762,"SdVolumeCPP-99"
1761,"SdVolumeCPP-96"
2186,"temperatureCPP-185"
1760,"SdVolumeCPP-94"
614,"Sd2CardCPP-283"
615,"Sd2CardCPP-285"
1350,"SdFileCPP-537"
1349,"SdFileCPP-536"
823,"Sd2CardH-197"
1348,"SdFileCPP-533"
824,"Sd2CardH-198"
1347,"SdFileCPP-532"
821,"Sd2CardH-191"
822,"Sd2CardH-192"
612,"Sd2CardCPP-278"
2183,"temperatureCPP-179"
2182,"temperatureCPP-178"
2181,"temperatureCPP-176"
608,"Sd2CardCPP-271"
609,"Sd2CardCPP-272"
1346,"SdFileCPP-529"
610,"Sd2CardCPP-273"
1345,"SdFileCPP-526"
611,"Sd2CardCPP-276"
1344,"SdFileCPP-524"
1343,"SdFileCPP-523"
1722,"SdInfoH-220"
1342,"SdFileCPP-522"
1723,"SdInfoH-221"
1341,"SdFileCPP-521"
1340,"SdFileCPP-520"
1724,"SdInfoH-223"
129,"FatStructsH-267"
130,"FatStructsH-269"
127,"FatStructsH-263"
1750,"SdVolumeCPP-70"
128,"FatStructsH-265"
126,"FatStructsH-261"
1753,"SdVolumeCPP-79"
1752,"SdVolumeCPP-73"
1751,"SdVolumeCPP-72"
1726,"SdInfoH-228"
1339,"SdFileCPP-519"
1727,"SdInfoH-229"
1338,"SdFileCPP-516"
1725,"SdInfoH-224"
1337,"SdFileCPP-515"
1336,"SdFileCPP-512"
1335,"SdFileCPP-511"
133,"FatStructsH-278"
617,"Sd2CardCPP-290"
1728,"SdInfoH-230"
132,"FatStructsH-273"
1754,"SdVolumeCPP-82"
2187,"temperatureCPP-195"
131,"FatStructsH-271"
1758,"SdVolumeCPP-88"
1757,"SdVolumeCPP-86"
2188,"temperatureCPP-197"
1756,"SdVolumeCPP-84"
2189,"temperatureCPP-199"
1755,"SdVolumeCPP-83"
1334,"SdFileCPP-508"
1333,"SdFileCPP-507"
1332,"SdFileCPP-504"
1331,"SdFileCPP-502"
221,"plannerCPP-137"
1373,"SdFileCPP-589"
220,"plannerCPP-136"
1191,"SdFileCPP-104"
1372,"SdFileCPP-588"
1686,"SdInfoH-166"
1190,"SdFileCPP-103"
1371,"SdFileCPP-587"
1687,"SdInfoH-167"
222,"plannerCPP-138"
1189,"SdFileCPP-102"
1370,"SdFileCPP-586"
1369,"SdFileCPP-585"
1682,"SdInfoH-161"
1188,"SdFileCPP-100"
1683,"SdInfoH-162"
1684,"SdInfoH-163"
1685,"SdInfoH-164"
1681,"SdInfoH-160"
219,"plannerCPP-133"
218,"plannerCPP-132"
1533,"SdFileCPP-1047"
1532,"SdFileCPP-1046"
1861,"speed_lookuptableH-40"
1534,"SdFileCPP-1049"
1105,"SdFatH-485"
1104,"SdFatH-484"
1103,"SdFatH-481"
1529,"SdFileCPP-1041"
1528,"SdFileCPP-1040"
1530,"SdFileCPP-1043"
1531,"SdFileCPP-1045"
1691,"SdInfoH-176"
1368,"SdFileCPP-577"
217,"plannerCPP-128"
1367,"SdFileCPP-576"
1692,"SdInfoH-178"
216,"plannerCPP-127"
1366,"SdFileCPP-575"
576,"Sd2CardCPP-190"
1689,"SdInfoH-173"
1365,"SdFileCPP-572"
1690,"SdInfoH-174"
1364,"SdFileCPP-571"
211,"plannerCPP-120"
1688,"SdInfoH-171"
213,"plannerCPP-122"
212,"plannerCPP-121"
215,"plannerCPP-124"
214,"plannerCPP-123"
1109,"SdFatH-499"
1525,"SdFileCPP-1036"
1108,"SdFatH-498"
1524,"SdFileCPP-1035"
1107,"SdFatH-496"
1526,"SdFileCPP-1037"
1106,"SdFatH-494"
1527,"SdFileCPP-1039"
1522,"SdFileCPP-1032"
577,"Sd2CardCPP-198"
1521,"SdFileCPP-1031"
578,"Sd2CardCPP-199"
1523,"SdFileCPP-1034"
1363,"SdFileCPP-568"
1668,"SdInfoH-143"
1362,"SdFileCPP-566"
1669,"SdInfoH-144"
1670,"SdInfoH-145"
1361,"SdFileCPP-564"
210,"plannerCPP-119"
1666,"SdInfoH-140"
1360,"SdFileCPP-561"
1667,"SdInfoH-141"
1359,"SdFileCPP-560"
209,"plannerCPP-113"
1097,"SdFatH-465"
1096,"SdFatH-463"
1520,"SdFileCPP-1029"
1095,"SdFatH-461"
2315,"temperatureH-49"
2313,"temperatureH-47"
2314,"temperatureH-48"
1671,"SdInfoH-147"
1099,"SdFatH-469"
1358,"SdFileCPP-559"
1519,"SdFileCPP-1020"
1672,"SdInfoH-148"
2312,"temperatureH-46"
1357,"SdFileCPP-558"
1098,"SdFatH-467"
1356,"SdFileCPP-557"
1355,"SdFileCPP-556"
1354,"SdFileCPP-555"
1677,"SdInfoH-155"
1353,"SdFileCPP-554"
1678,"SdInfoH-156"
1679,"SdInfoH-157"
207,"plannerCPP-108"
1352,"SdFileCPP-552"
1673,"SdInfoH-150"
206,"plannerCPP-107"
1674,"SdInfoH-151"
1351,"SdFileCPP-550"
1675,"SdInfoH-152"
208,"plannerCPP-109"
1676,"SdInfoH-153"
458,"plannerCPP-580"
460,"plannerCPP-582"
459,"plannerCPP-581"
2317,"temperatureH-52"
1102,"SdFatH-476"
2318,"temperatureH-53"
1101,"SdFatH-474"
2316,"temperatureH-51"
1518,"SdFileCPP-1018"
1517,"SdFileCPP-1017"
1100,"SdFatH-471"
2320,"thermistortablesH-10"
1680,"SdInfoH-159"
456,"plannerCPP-577"
1996,"stepperCPP-390"
140,"FatStructsH-327"
457,"plannerCPP-579"
1203,"SdFileCPP-147"
1202,"SdFileCPP-146"
139,"FatStructsH-321"
1201,"SdFileCPP-143"
1542,"SdFileCPP-1081"
1200,"SdFileCPP-141"
1199,"SdFileCPP-140"
453,"plannerCPP-571"
454,"plannerCPP-573"
455,"plannerCPP-574"
567,"Sd2CardCPP-"
2001,"stepperCPP-399"
1543,"SdFileCPP-1083"
2307,"temperatureH-27"
1999,"stepperCPP-395"
1544,"SdFileCPP-1084"
2000,"stepperCPP-396"
2306,"temperatureH-26"
1546,"SdFileCPP-1087"
1545,"SdFileCPP-1086"
2305,"temperatureH-24"
1547,"SdFileCPP-1089"
1997,"stepperCPP-391"
1198,"SdFileCPP-139"
1998,"stepperCPP-392"
851,"Sd2CardH-230"
452,"plannerCPP-568"
852,"Sd2CardH-231"
1197,"SdFileCPP-136"
142,"FatStructsH-339"
1196,"SdFileCPP-133"
141,"FatStructsH-334"
1195,"SdFileCPP-132"
1538,"SdFileCPP-1070"
1194,"SdFileCPP-130"
448,"plannerCPP-560"
449,"plannerCPP-561"
451,"plannerCPP-564"
450,"plannerCPP-563"
2308,"temperatureH-30"
1541,"SdFileCPP-1079"
2309,"temperatureH-31"
847,"Sd2CardH-226"
848,"Sd2CardH-227"
849,"Sd2CardH-228"
850,"Sd2CardH-229"
1539,"SdFileCPP-1073"
1540,"SdFileCPP-1076"
1193,"SdFileCPP-129"
2310,"temperatureH-32"
2311,"temperatureH-33"
445,"plannerCPP-555"
1697,"SdInfoH-187"
444,"plannerCPP-554"
1698,"SdInfoH-188"
446,"plannerCPP-557"
1699,"SdInfoH-189"
447,"plannerCPP-558"
1695,"SdInfoH-184"
1696,"SdInfoH-185"
1693,"SdInfoH-180"
1694,"SdInfoH-182"
442,"plannerCPP-550"
443,"plannerCPP-553"
1989,"stepperCPP-379"
1987,"stepperCPP-377"
1988,"stepperCPP-378"
1536,"SdFileCPP-1065"
1986,"stepperCPP-372"
1537,"SdFileCPP-1067"
1985,"stepperCPP-370"
1705,"SdInfoH-198"
440,"plannerCPP-543"
1380,"SdFileCPP-598"
1379,"SdFileCPP-597"
1378,"SdFileCPP-596"
1703,"SdInfoH-194"
1377,"SdFileCPP-594"
1704,"SdInfoH-196"
441,"plannerCPP-549"
1376,"SdFileCPP-593"
1700,"SdInfoH-190"
1375,"SdFileCPP-591"
1701,"SdInfoH-191"
1374,"SdFileCPP-590"
2107,"streamingH-81"
1702,"SdInfoH-193"
439,"plannerCPP-540"
1994,"stepperCPP-388"
1995,"stepperCPP-389"
1535,"SdFileCPP-1050"
1992,"stepperCPP-384"
1993,"stepperCPP-385"
1990,"stepperCPP-380"
1192,"SdFileCPP-106"
1991,"stepperCPP-381"
42,"EEPROMH-78"
41,"EEPROMH-77"
40,"EEPROMH-76"
39,"EEPROMH-75"
825,"Sd2CardH-200"
38,"EEPROMH-74"
826,"Sd2CardH-201"
37,"EEPROMH-73"
36,"EEPROMH-72"
827,"Sd2CardH-203"
1216,"SdFileCPP-185"
1215,"SdFileCPP-183"
1214,"SdFileCPP-182"
1213,"SdFileCPP-181"
1212,"SdFileCPP-180"
1074,"SdFatH-400"
1978,"stepperCPP-359"
1976,"stepperCPP-357"
1977,"stepperCPP-358"
1975,"stepperCPP-356"
44,"EEPROMH-82"
1076,"SdFatH-408"
772,"Sd2CardH-74"
43,"EEPROMH-80"
1974,"stepperCPP-352"
774,"Sd2CardH-78"
1973,"stepperCPP-350"
773,"Sd2CardH-76"
1075,"SdFatH-401"
48,"EEPROMH-89"
1211,"SdFileCPP-179"
47,"EEPROMH-86"
775,"Sd2CardH-80"
1210,"SdFileCPP-178"
46,"EEPROMH-84"
45,"EEPROMH-83"
1,"ConfigurationH-39"
2324,"thermistortablesH-103"
2323,"thermistortablesH-102"
1077,"SdFatH-410"
1983,"stepperCPP-368"
1984,"stepperCPP-369"
1981,"stepperCPP-366"
1982,"stepperCPP-367"
52,"EEPROMH-93"
51,"EEPROMH-92"
1081,"SdFatH-418"
50,"EEPROMH-91"
1980,"stepperCPP-362"
49,"EEPROMH-90"
1080,"SdFatH-416"
777,"Sd2CardH-88"
1979,"stepperCPP-360"
1079,"SdFatH-414"
776,"Sd2CardH-86"
1078,"SdFatH-412"
57,"EEPROMH-99"
842,"Sd2CardH-220"
56,"EEPROMH-98"
1209,"SdFileCPP-168"
55,"EEPROMH-97"
843,"Sd2CardH-222"
1208,"SdFileCPP-167"
779,"Sd2CardH-92"
844,"Sd2CardH-223"
54,"EEPROMH-95"
845,"Sd2CardH-224"
53,"EEPROMH-94"
778,"Sd2CardH-90"
846,"Sd2CardH-225"
1207,"SdFileCPP-164"
250,"plannerCPP-195"
1206,"SdFileCPP-163"
249,"plannerCPP-194"
1205,"SdFileCPP-160"
251,"plannerCPP-199"
1965,"stepperCPP-339"
248,"plannerCPP-190"
1964,"stepperCPP-333"
838,"Sd2CardH-215"
780,"Sd2CardH-96"
839,"Sd2CardH-216"
1963,"stepperCPP-332"
840,"Sd2CardH-218"
841,"Sd2CardH-219"
781,"Sd2CardH-98"
1204,"SdFileCPP-158"
833,"Sd2CardH-210"
834,"Sd2CardH-211"
835,"Sd2CardH-212"
836,"Sd2CardH-213"
837,"Sd2CardH-214"
244,"plannerCPP-186"
243,"plannerCPP-185"
246,"plannerCPP-188"
245,"plannerCPP-187"
247,"plannerCPP-189"
1971,"stepperCPP-348"
1972,"stepperCPP-349"
1969,"stepperCPP-346"
1970,"stepperCPP-347"
1968,"stepperCPP-345"
828,"Sd2CardH-204"
1967,"stepperCPP-342"
829,"Sd2CardH-205"
830,"Sd2CardH-206"
1966,"stepperCPP-340"
831,"Sd2CardH-207"
832,"Sd2CardH-209"
6,"EEPROMH-35"
5,"EEPROMH-34"
4,"EEPROMH-33"
3,"EEPROMH-32"
10,"EEPROMH-39"
240,"plannerCPP-177"
9,"EEPROMH-38"
8,"EEPROMH-37"
242,"plannerCPP-179"
7,"EEPROMH-36"
241,"plannerCPP-178"
1954,"stepperCPP-309"
1958,"stepperCPP-318"
1956,"stepperCPP-315"
1957,"stepperCPP-316"
745,"Sd2CardCPP-601"
238,"plannerCPP-170"
746,"Sd2CardCPP-604"
1955,"stepperCPP-310"
767,"Sd2CardH-33"
766,"Sd2CardH-31"
16,"EEPROMH-45"
239,"plannerCPP-169"
15,"EEPROMH-44"
14,"EEPROMH-43"
13,"EEPROMH-42"
12,"EEPROMH-41"
11,"EEPROMH-40"
236,"plannerCPP-163"
19,"EEPROMH-49"
18,"EEPROMH-48"
237,"plannerCPP-168"
17,"EEPROMH-47"
1092,"SdFatH-455"
1962,"stepperCPP-329"
1961,"stepperCPP-327"
1091,"SdFatH-451"
1089,"SdFatH-450"
235,"plannerCPP-160"
1960,"stepperCPP-322"
1959,"stepperCPP-321"
1094,"SdFatH-459"
1093,"SdFatH-457"
25,"EEPROMH-57"
234,"plannerCPP-159"
24,"EEPROMH-56"
23,"EEPROMH-55"
22,"EEPROMH-53"
21,"EEPROMH-52"
20,"EEPROMH-51"
751,"Sd2CardCPP-616"
227,"plannerCPP-150"
752,"Sd2CardCPP-617"
229,"plannerCPP-153"
228,"plannerCPP-152"
231,"plannerCPP-155"
230,"plannerCPP-154"
233,"plannerCPP-157"
26,"EEPROMH-58"
232,"plannerCPP-156"
753,"Sd2CardCPP-620"
1082,"SdFatH-420"
754,"Sd2CardCPP-623"
755,"Sd2CardCPP-624"
1083,"SdFatH-427"
32,"EEPROMH-68"
226,"plannerCPP-147"
31,"EEPROMH-66"
30,"EEPROMH-65"
29,"EEPROMH-64"
28,"EEPROMH-63"
27,"EEPROMH-62"
223,"plannerCPP-140"
747,"Sd2CardCPP-605"
225,"plannerCPP-146"
33,"EEPROMH-69"
224,"plannerCPP-145"
1953,"stepperCPP-306"
748,"Sd2CardCPP-610"
1952,"stepperCPP-304"
749,"Sd2CardCPP-611"
1084,"SdFatH-430"
750,"Sd2CardCPP-615"
35,"EEPROMH-71"
34,"EEPROMH-70"
769,"Sd2CardH-63"
768,"Sd2CardH-60"
1088,"SdFatH-437"
771,"Sd2CardH-67"
1087,"SdFatH-436"
1086,"SdFatH-435"
770,"Sd2CardH-65"
1085,"SdFatH-434"
